accession,organism,replicon_type,window_length,orbit_size,max_orbit,orbit_ratio,is_palindrome,is_rc_fixed
GCF_021397735.1,Vibrio harveyi,unknown,1000,2000,2000,1.0,false,false
GCF_021397735.1,Vibrio harveyi,unknown,1000,2000,2000,1.0,false,false
GCF_021397735.1,Vibrio harveyi,unknown,1000,2000,2000,1.0,false,false
GCF_021397735.1,Vibrio harveyi,unknown,1000,2000,2000,1.0,false,false
GCF_021397735.1,Vibrio harveyi,unknown,1000,2000,2000,1.0,false,false
GCF_021397735.1,Vibrio harveyi,unknown,1000,2000,2000,1.0,false,false
GCF_021397735.1,Vibrio harveyi,unknown,1000,2000,2000,1.0,false,false
GCF_021397735.1,Vibrio harveyi,unknown,1000,2000,2000,1.0,false,false
GCF_021397735.1,Vibrio harveyi,unknown,1000,2000,2000,1.0,false,false
GCF_021397735.1,Vibrio harveyi,unknown,1000,2000,2000,1.0,false,false
GCF_021397735.1,Vibrio harveyi,unknown,1000,2000,2000,1.0,false,false
GCF_021397735.1,Vibrio harveyi,unknown,1000,2000,2000,1.0,false,false
GCF_021397735.1,Vibrio harveyi,unknown,1000,2000,2000,1.0,false,false
GCF_021397735.1,Vibrio harveyi,unknown,1000,2000,2000,1.0,false,false
GCF_021397735.1,Vibrio harveyi,unknown,1000,2000,2000,1.0,false,false
GCF_021397735.1,Vibrio harveyi,unknown,1000,2000,2000,1.0,false,false
GCF_021397735.1,Vibrio harveyi,unknown,1000,2000,2000,1.0,false,false
GCF_021397735.1,Vibrio harveyi,unknown,1000,2000,2000,1.0,false,false
GCF_021397735.1,Vibrio harveyi,unknown,1000,2000,2000,1.0,false,false
GCF_021397735.1,Vibrio harveyi,unknown,1000,2000,2000,1.0,false,false
GCF_021397735.1,Vibrio harveyi,unknown,1000,2000,2000,1.0,false,false
GCF_021397735.1,Vibrio harveyi,unknown,1000,2000,2000,1.0,false,false
GCF_021397735.1,Vibrio harveyi,unknown,1000,2000,2000,1.0,false,false
GCF_021397735.1,Vibrio harveyi,unknown,1000,2000,2000,1.0,false,false
GCF_021397735.1,Vibrio harveyi,unknown,1000,2000,2000,1.0,false,false
GCF_021397735.1,Vibrio harveyi,unknown,1000,2000,2000,1.0,false,false
GCF_021397735.1,Vibrio harveyi,unknown,1000,2000,2000,1.0,false,false
GCF_021397735.1,Vibrio harveyi,unknown,1000,2000,2000,1.0,false,false
GCF_021397735.1,Vibrio harveyi,unknown,1000,2000,2000,1.0,false,false
GCF_021397735.1,Vibrio harveyi,unknown,1000,2000,2000,1.0,false,false
GCF_021397735.1,Vibrio harveyi,unknown,1000,2000,2000,1.0,false,false
GCF_021397735.1,Vibrio harveyi,unknown,1000,2000,2000,1.0,false,false
GCF_021397735.1,Vibrio harveyi,unknown,1000,2000,2000,1.0,false,false
GCF_021397735.1,Vibrio harveyi,unknown,1000,2000,2000,1.0,false,false
GCF_021397735.1,Vibrio harveyi,unknown,1000,2000,2000,1.0,false,false
GCF_021397735.1,Vibrio harveyi,unknown,1000,2000,2000,1.0,false,false
GCF_021397735.1,Vibrio harveyi,unknown,1000,2000,2000,1.0,false,false
GCF_021397735.1,Vibrio harveyi,unknown,1000,2000,2000,1.0,false,false
GCF_021397735.1,Vibrio harveyi,unknown,1000,2000,2000,1.0,false,false
GCF_021397735.1,Vibrio harveyi,unknown,1000,2000,2000,1.0,false,false
GCF_021397735.1,Vibrio harveyi,unknown,1000,2000,2000,1.0,false,false
GCF_021397735.1,Vibrio harveyi,unknown,1000,2000,2000,1.0,false,false
GCF_021397735.1,Vibrio harveyi,unknown,1000,2000,2000,1.0,false,false
GCF_021397735.1,Vibrio harveyi,unknown,1000,2000,2000,1.0,false,false
GCF_021397735.1,Vibrio harveyi,unknown,1000,2000,2000,1.0,false,false
GCF_021397735.1,Vibrio harveyi,unknown,1000,2000,2000,1.0,false,false
GCF_021397735.1,Vibrio harveyi,unknown,1000,2000,2000,1.0,false,false
GCF_021397735.1,Vibrio harveyi,unknown,1000,2000,2000,1.0,false,false
GCF_021397735.1,Vibrio harveyi,unknown,1000,2000,2000,1.0,false,false
GCF_021397735.1,Vibrio harveyi,unknown,1000,2000,2000,1.0,false,false
GCF_021397735.1,Vibrio harveyi,unknown,1000,2000,2000,1.0,false,false
GCF_021397735.1,Vibrio harveyi,unknown,1000,2000,2000,1.0,false,false
GCF_021397735.1,Vibrio harveyi,unknown,1000,2000,2000,1.0,false,false
GCF_021397735.1,Vibrio harveyi,unknown,1000,2000,2000,1.0,false,false
GCF_021397735.1,Vibrio harveyi,unknown,1000,2000,2000,1.0,false,false
GCF_021397735.1,Vibrio harveyi,unknown,1000,2000,2000,1.0,false,false
GCF_021397735.1,Vibrio harveyi,unknown,1000,2000,2000,1.0,false,false
GCF_021397735.1,Vibrio harveyi,unknown,1000,2000,2000,1.0,false,false
GCF_021397735.1,Vibrio harveyi,unknown,1000,2000,2000,1.0,false,false
GCF_021397735.1,Vibrio harveyi,unknown,1000,2000,2000,1.0,false,false
GCF_021397735.1,Vibrio harveyi,unknown,1000,2000,2000,1.0,false,false
GCF_021397735.1,Vibrio harveyi,unknown,1000,2000,2000,1.0,false,false
GCF_021397735.1,Vibrio harveyi,unknown,1000,2000,2000,1.0,false,false
GCF_021397735.1,Vibrio harveyi,unknown,1000,2000,2000,1.0,false,false
GCF_021397735.1,Vibrio harveyi,unknown,1000,2000,2000,1.0,false,false
GCF_021397735.1,Vibrio harveyi,unknown,1000,2000,2000,1.0,false,false
GCF_021397735.1,Vibrio harveyi,unknown,1000,2000,2000,1.0,false,false
GCF_021397735.1,Vibrio harveyi,unknown,1000,2000,2000,1.0,false,false
GCF_021397735.1,Vibrio harveyi,unknown,1000,2000,2000,1.0,false,false
GCF_021397735.1,Vibrio harveyi,unknown,1000,2000,2000,1.0,false,false
GCF_021397735.1,Vibrio harveyi,unknown,1000,2000,2000,1.0,false,false
GCF_021397735.1,Vibrio harveyi,unknown,1000,2000,2000,1.0,false,false
GCF_021397735.1,Vibrio harveyi,unknown,1000,2000,2000,1.0,false,false
GCF_021397735.1,Vibrio harveyi,unknown,1000,2000,2000,1.0,false,false
GCF_021397735.1,Vibrio harveyi,unknown,1000,2000,2000,1.0,false,false
GCF_021397735.1,Vibrio harveyi,unknown,1000,2000,2000,1.0,false,false
GCF_021397735.1,Vibrio harveyi,unknown,1000,2000,2000,1.0,false,false
GCF_021397735.1,Vibrio harveyi,unknown,1000,2000,2000,1.0,false,false
GCF_021397735.1,Vibrio harveyi,unknown,1000,2000,2000,1.0,false,false
GCF_021397735.1,Vibrio harveyi,unknown,1000,2000,2000,1.0,false,false
GCF_021397735.1,Vibrio harveyi,unknown,1000,2000,2000,1.0,false,false
GCF_021397735.1,Vibrio harveyi,unknown,1000,2000,2000,1.0,false,false
GCF_021397735.1,Vibrio harveyi,unknown,1000,2000,2000,1.0,false,false
GCF_021397735.1,Vibrio harveyi,unknown,1000,2000,2000,1.0,false,false
GCF_021397735.1,Vibrio harveyi,unknown,1000,2000,2000,1.0,false,false
GCF_021397735.1,Vibrio harveyi,unknown,1000,2000,2000,1.0,false,false
GCF_021397735.1,Vibrio harveyi,unknown,1000,2000,2000,1.0,false,false
GCF_021397735.1,Vibrio harveyi,unknown,1000,2000,2000,1.0,false,false
GCF_021397735.1,Vibrio harveyi,unknown,1000,2000,2000,1.0,false,false
GCF_021397735.1,Vibrio harveyi,unknown,1000,2000,2000,1.0,false,false
GCF_021397735.1,Vibrio harveyi,unknown,1000,2000,2000,1.0,false,false
GCF_021397735.1,Vibrio harveyi,unknown,1000,2000,2000,1.0,false,false
GCF_021397735.1,Vibrio harveyi,unknown,1000,2000,2000,1.0,false,false
GCF_021397735.1,Vibrio harveyi,unknown,1000,2000,2000,1.0,false,false
GCF_021397735.1,Vibrio harveyi,unknown,1000,2000,2000,1.0,false,false
GCF_021397735.1,Vibrio harveyi,unknown,1000,2000,2000,1.0,false,false
GCF_021397735.1,Vibrio harveyi,unknown,1000,2000,2000,1.0,false,false
GCF_021397735.1,Vibrio harveyi,unknown,1000,2000,2000,1.0,false,false
GCF_021397735.1,Vibrio harveyi,unknown,1000,2000,2000,1.0,false,false
GCF_021397735.1,Vibrio harveyi,unknown,1000,2000,2000,1.0,false,false
GCF_021397735.1,Vibrio harveyi,unknown,1000,2000,2000,1.0,false,false
GCF_021397735.1,Vibrio harveyi,unknown,1000,2000,2000,1.0,false,false
GCF_021397735.1,Vibrio harveyi,unknown,1000,2000,2000,1.0,false,false
GCF_021397735.1,Vibrio harveyi,unknown,1000,2000,2000,1.0,false,false
GCF_021397735.1,Vibrio harveyi,unknown,1000,2000,2000,1.0,false,false
GCF_021397735.1,Vibrio harveyi,unknown,1000,2000,2000,1.0,false,false
GCF_021397735.1,Vibrio harveyi,unknown,1000,2000,2000,1.0,false,false
GCF_021397735.1,Vibrio harveyi,unknown,1000,2000,2000,1.0,false,false
GCF_021397735.1,Vibrio harveyi,unknown,1000,2000,2000,1.0,false,false
GCF_021397735.1,Vibrio harveyi,unknown,1000,2000,2000,1.0,false,false
GCF_021397735.1,Vibrio harveyi,unknown,1000,2000,2000,1.0,false,false
GCF_021397735.1,Vibrio harveyi,unknown,1000,2000,2000,1.0,false,false
GCF_021397735.1,Vibrio harveyi,unknown,1000,2000,2000,1.0,false,false
GCF_021397735.1,Vibrio harveyi,unknown,1000,2000,2000,1.0,false,false
GCF_021397735.1,Vibrio harveyi,unknown,1000,2000,2000,1.0,false,false
GCF_021397735.1,Vibrio harveyi,unknown,1000,2000,2000,1.0,false,false
GCF_021397735.1,Vibrio harveyi,unknown,1000,2000,2000,1.0,false,false
GCF_021397735.1,Vibrio harveyi,unknown,1000,2000,2000,1.0,false,false
GCF_021397735.1,Vibrio harveyi,unknown,1000,2000,2000,1.0,false,false
GCF_021397735.1,Vibrio harveyi,unknown,1000,2000,2000,1.0,false,false
GCF_021397735.1,Vibrio harveyi,unknown,1000,2000,2000,1.0,false,false
GCF_021397735.1,Vibrio harveyi,unknown,1000,2000,2000,1.0,false,false
GCF_021397735.1,Vibrio harveyi,unknown,1000,2000,2000,1.0,false,false
GCF_021397735.1,Vibrio harveyi,unknown,1000,2000,2000,1.0,false,false
GCF_021397735.1,Vibrio harveyi,unknown,1000,2000,2000,1.0,false,false
GCF_021397735.1,Vibrio harveyi,unknown,1000,2000,2000,1.0,false,false
GCF_021397735.1,Vibrio harveyi,unknown,1000,2000,2000,1.0,false,false
GCF_021397735.1,Vibrio harveyi,unknown,1000,2000,2000,1.0,false,false
GCF_021397735.1,Vibrio harveyi,unknown,1000,2000,2000,1.0,false,false
GCF_021397735.1,Vibrio harveyi,unknown,1000,2000,2000,1.0,false,false
GCF_021397735.1,Vibrio harveyi,unknown,1000,2000,2000,1.0,false,false
GCF_021397735.1,Vibrio harveyi,unknown,1000,2000,2000,1.0,false,false
GCF_021397735.1,Vibrio harveyi,unknown,1000,2000,2000,1.0,false,false
GCF_021397735.1,Vibrio harveyi,unknown,1000,2000,2000,1.0,false,false
GCF_021397735.1,Vibrio harveyi,unknown,1000,2000,2000,1.0,false,false
GCF_021397735.1,Vibrio harveyi,unknown,1000,2000,2000,1.0,false,false
GCF_021397735.1,Vibrio harveyi,unknown,1000,2000,2000,1.0,false,false
GCF_021397735.1,Vibrio harveyi,unknown,1000,2000,2000,1.0,false,false
GCF_021397735.1,Vibrio harveyi,unknown,1000,2000,2000,1.0,false,false
GCF_021397735.1,Vibrio harveyi,unknown,1000,2000,2000,1.0,false,false
GCF_021397735.1,Vibrio harveyi,unknown,1000,2000,2000,1.0,false,false
GCF_021397735.1,Vibrio harveyi,unknown,1000,2000,2000,1.0,false,false
GCF_021397735.1,Vibrio harveyi,unknown,1000,2000,2000,1.0,false,false
GCF_021397735.1,Vibrio harveyi,unknown,1000,2000,2000,1.0,false,false
GCF_021397735.1,Vibrio harveyi,unknown,1000,2000,2000,1.0,false,false
GCF_021397735.1,Vibrio harveyi,unknown,1000,2000,2000,1.0,false,false
GCF_021397735.1,Vibrio harveyi,unknown,1000,2000,2000,1.0,false,false
GCF_021397735.1,Vibrio harveyi,unknown,1000,2000,2000,1.0,false,false
GCF_021397735.1,Vibrio harveyi,unknown,1000,2000,2000,1.0,false,false
GCF_021397735.1,Vibrio harveyi,unknown,1000,2000,2000,1.0,false,false
GCF_021397735.1,Vibrio harveyi,unknown,1000,2000,2000,1.0,false,false
GCF_021397735.1,Vibrio harveyi,unknown,1000,2000,2000,1.0,false,false
GCF_021397735.1,Vibrio harveyi,unknown,1000,2000,2000,1.0,false,false
GCF_021397735.1,Vibrio harveyi,unknown,1000,2000,2000,1.0,false,false
GCF_021397735.1,Vibrio harveyi,unknown,1000,2000,2000,1.0,false,false
GCF_021397735.1,Vibrio harveyi,unknown,1000,2000,2000,1.0,false,false
GCF_021397735.1,Vibrio harveyi,unknown,1000,2000,2000,1.0,false,false
GCF_021397735.1,Vibrio harveyi,unknown,1000,2000,2000,1.0,false,false
GCF_021397735.1,Vibrio harveyi,unknown,1000,2000,2000,1.0,false,false
GCF_021397735.1,Vibrio harveyi,unknown,1000,2000,2000,1.0,false,false
GCF_021397735.1,Vibrio harveyi,unknown,1000,2000,2000,1.0,false,false
GCF_021397735.1,Vibrio harveyi,unknown,1000,2000,2000,1.0,false,false
GCF_021397735.1,Vibrio harveyi,unknown,1000,2000,2000,1.0,false,false
GCF_021397735.1,Vibrio harveyi,unknown,1000,2000,2000,1.0,false,false
GCF_021397735.1,Vibrio harveyi,unknown,1000,2000,2000,1.0,false,false
GCF_021397735.1,Vibrio harveyi,unknown,1000,2000,2000,1.0,false,false
GCF_021397735.1,Vibrio harveyi,unknown,1000,2000,2000,1.0,false,false
GCF_021397735.1,Vibrio harveyi,unknown,1000,2000,2000,1.0,false,false
GCF_021397735.1,Vibrio harveyi,unknown,1000,2000,2000,1.0,false,false
GCF_021397735.1,Vibrio harveyi,unknown,1000,2000,2000,1.0,false,false
GCF_021397735.1,Vibrio harveyi,unknown,1000,2000,2000,1.0,false,false
GCF_021397735.1,Vibrio harveyi,unknown,1000,2000,2000,1.0,false,false
GCF_021397735.1,Vibrio harveyi,unknown,1000,2000,2000,1.0,false,false
GCF_021397735.1,Vibrio harveyi,unknown,1000,2000,2000,1.0,false,false
GCF_021397735.1,Vibrio harveyi,unknown,1000,2000,2000,1.0,false,false
GCF_021397735.1,Vibrio harveyi,unknown,1000,2000,2000,1.0,false,false
GCF_021397735.1,Vibrio harveyi,unknown,1000,2000,2000,1.0,false,false
GCF_021397735.1,Vibrio harveyi,unknown,1000,2000,2000,1.0,false,false
GCF_021397735.1,Vibrio harveyi,unknown,1000,2000,2000,1.0,false,false
GCF_021397735.1,Vibrio harveyi,unknown,1000,2000,2000,1.0,false,false
GCF_021397735.1,Vibrio harveyi,unknown,1000,2000,2000,1.0,false,false
GCF_021397735.1,Vibrio harveyi,unknown,1000,2000,2000,1.0,false,false
GCF_021397735.1,Vibrio harveyi,unknown,1000,2000,2000,1.0,false,false
GCF_021397735.1,Vibrio harveyi,unknown,1000,2000,2000,1.0,false,false
GCF_021397735.1,Vibrio harveyi,unknown,1000,2000,2000,1.0,false,false
GCF_021397735.1,Vibrio harveyi,unknown,1000,2000,2000,1.0,false,false
GCF_021397735.1,Vibrio harveyi,unknown,1000,2000,2000,1.0,false,false
GCF_021397735.1,Vibrio harveyi,unknown,1000,2000,2000,1.0,false,false
GCF_021397735.1,Vibrio harveyi,unknown,1000,2000,2000,1.0,false,false
GCF_021397735.1,Vibrio harveyi,unknown,1000,2000,2000,1.0,false,false
GCF_021397735.1,Vibrio harveyi,unknown,1000,2000,2000,1.0,false,false
GCF_021397735.1,Vibrio harveyi,unknown,1000,2000,2000,1.0,false,false
GCF_021397735.1,Vibrio harveyi,unknown,1000,2000,2000,1.0,false,false
GCF_021397735.1,Vibrio harveyi,unknown,1000,2000,2000,1.0,false,false
GCF_021397735.1,Vibrio harveyi,unknown,1000,2000,2000,1.0,false,false
GCF_021397735.1,Vibrio harveyi,unknown,1000,2000,2000,1.0,false,false
GCF_021397735.1,Vibrio harveyi,unknown,1000,2000,2000,1.0,false,false
GCF_021397735.1,Vibrio harveyi,unknown,1000,2000,2000,1.0,false,false
GCF_021397735.1,Vibrio harveyi,unknown,1000,2000,2000,1.0,false,false
GCF_021397735.1,Vibrio harveyi,unknown,1000,2000,2000,1.0,false,false
GCF_038449195.1,Bradyrhizobium ottawaense,unknown,1000,2000,2000,1.0,false,false
GCF_038449195.1,Bradyrhizobium ottawaense,unknown,1000,2000,2000,1.0,false,false
GCF_038449195.1,Bradyrhizobium ottawaense,unknown,1000,2000,2000,1.0,false,false
GCF_038449195.1,Bradyrhizobium ottawaense,unknown,1000,2000,2000,1.0,false,false
GCF_038449195.1,Bradyrhizobium ottawaense,unknown,1000,2000,2000,1.0,false,false
GCF_038449195.1,Bradyrhizobium ottawaense,unknown,1000,2000,2000,1.0,false,false
GCF_038449195.1,Bradyrhizobium ottawaense,unknown,1000,2000,2000,1.0,false,false
GCF_038449195.1,Bradyrhizobium ottawaense,unknown,1000,2000,2000,1.0,false,false
GCF_038449195.1,Bradyrhizobium ottawaense,unknown,1000,2000,2000,1.0,false,false
GCF_038449195.1,Bradyrhizobium ottawaense,unknown,1000,2000,2000,1.0,false,false
GCF_038449195.1,Bradyrhizobium ottawaense,unknown,1000,2000,2000,1.0,false,false
GCF_038449195.1,Bradyrhizobium ottawaense,unknown,1000,2000,2000,1.0,false,false
GCF_038449195.1,Bradyrhizobium ottawaense,unknown,1000,2000,2000,1.0,false,false
GCF_038449195.1,Bradyrhizobium ottawaense,unknown,1000,2000,2000,1.0,false,false
GCF_038449195.1,Bradyrhizobium ottawaense,unknown,1000,2000,2000,1.0,false,false
GCF_038449195.1,Bradyrhizobium ottawaense,unknown,1000,2000,2000,1.0,false,false
GCF_038449195.1,Bradyrhizobium ottawaense,unknown,1000,2000,2000,1.0,false,false
GCF_038449195.1,Bradyrhizobium ottawaense,unknown,1000,2000,2000,1.0,false,false
GCF_038449195.1,Bradyrhizobium ottawaense,unknown,1000,2000,2000,1.0,false,false
GCF_038449195.1,Bradyrhizobium ottawaense,unknown,1000,2000,2000,1.0,false,false
GCF_038449195.1,Bradyrhizobium ottawaense,unknown,1000,2000,2000,1.0,false,false
GCF_038449195.1,Bradyrhizobium ottawaense,unknown,1000,2000,2000,1.0,false,false
GCF_038449195.1,Bradyrhizobium ottawaense,unknown,1000,2000,2000,1.0,false,false
GCF_038449195.1,Bradyrhizobium ottawaense,unknown,1000,2000,2000,1.0,false,false
GCF_038449195.1,Bradyrhizobium ottawaense,unknown,1000,2000,2000,1.0,false,false
GCF_038449195.1,Bradyrhizobium ottawaense,unknown,1000,2000,2000,1.0,false,false
GCF_038449195.1,Bradyrhizobium ottawaense,unknown,1000,2000,2000,1.0,false,false
GCF_038449195.1,Bradyrhizobium ottawaense,unknown,1000,2000,2000,1.0,false,false
GCF_038449195.1,Bradyrhizobium ottawaense,unknown,1000,2000,2000,1.0,false,false
GCF_038449195.1,Bradyrhizobium ottawaense,unknown,1000,2000,2000,1.0,false,false
GCF_038449195.1,Bradyrhizobium ottawaense,unknown,1000,2000,2000,1.0,false,false
GCF_038449195.1,Bradyrhizobium ottawaense,unknown,1000,2000,2000,1.0,false,false
GCF_038449195.1,Bradyrhizobium ottawaense,unknown,1000,2000,2000,1.0,false,false
GCF_038449195.1,Bradyrhizobium ottawaense,unknown,1000,2000,2000,1.0,false,false
GCF_038449195.1,Bradyrhizobium ottawaense,unknown,1000,2000,2000,1.0,false,false
GCF_038449195.1,Bradyrhizobium ottawaense,unknown,1000,2000,2000,1.0,false,false
GCF_038449195.1,Bradyrhizobium ottawaense,unknown,1000,2000,2000,1.0,false,false
GCF_038449195.1,Bradyrhizobium ottawaense,unknown,1000,2000,2000,1.0,false,false
GCF_038449195.1,Bradyrhizobium ottawaense,unknown,1000,2000,2000,1.0,false,false
GCF_038449195.1,Bradyrhizobium ottawaense,unknown,1000,2000,2000,1.0,false,false
GCF_038449195.1,Bradyrhizobium ottawaense,unknown,1000,2000,2000,1.0,false,false
GCF_038449195.1,Bradyrhizobium ottawaense,unknown,1000,2000,2000,1.0,false,false
GCF_038449195.1,Bradyrhizobium ottawaense,unknown,1000,2000,2000,1.0,false,false
GCF_038449195.1,Bradyrhizobium ottawaense,unknown,1000,2000,2000,1.0,false,false
GCF_038449195.1,Bradyrhizobium ottawaense,unknown,1000,2000,2000,1.0,false,false
GCF_038449195.1,Bradyrhizobium ottawaense,unknown,1000,2000,2000,1.0,false,false
GCF_038449195.1,Bradyrhizobium ottawaense,unknown,1000,2000,2000,1.0,false,false
GCF_038449195.1,Bradyrhizobium ottawaense,unknown,1000,2000,2000,1.0,false,false
GCF_038449195.1,Bradyrhizobium ottawaense,unknown,1000,2000,2000,1.0,false,false
GCF_038449195.1,Bradyrhizobium ottawaense,unknown,1000,2000,2000,1.0,false,false
GCF_038449195.1,Bradyrhizobium ottawaense,unknown,1000,2000,2000,1.0,false,false
GCF_038449195.1,Bradyrhizobium ottawaense,unknown,1000,2000,2000,1.0,false,false
GCF_038449195.1,Bradyrhizobium ottawaense,unknown,1000,2000,2000,1.0,false,false
GCF_038449195.1,Bradyrhizobium ottawaense,unknown,1000,2000,2000,1.0,false,false
GCF_038449195.1,Bradyrhizobium ottawaense,unknown,1000,2000,2000,1.0,false,false
GCF_038449195.1,Bradyrhizobium ottawaense,unknown,1000,2000,2000,1.0,false,false
GCF_038449195.1,Bradyrhizobium ottawaense,unknown,1000,2000,2000,1.0,false,false
GCF_038449195.1,Bradyrhizobium ottawaense,unknown,1000,2000,2000,1.0,false,false
GCF_038449195.1,Bradyrhizobium ottawaense,unknown,1000,2000,2000,1.0,false,false
GCF_038449195.1,Bradyrhizobium ottawaense,unknown,1000,2000,2000,1.0,false,false
GCF_038449195.1,Bradyrhizobium ottawaense,unknown,1000,2000,2000,1.0,false,false
GCF_038449195.1,Bradyrhizobium ottawaense,unknown,1000,2000,2000,1.0,false,false
GCF_038449195.1,Bradyrhizobium ottawaense,unknown,1000,2000,2000,1.0,false,false
GCF_038449195.1,Bradyrhizobium ottawaense,unknown,1000,2000,2000,1.0,false,false
GCF_038449195.1,Bradyrhizobium ottawaense,unknown,1000,2000,2000,1.0,false,false
GCF_038449195.1,Bradyrhizobium ottawaense,unknown,1000,2000,2000,1.0,false,false
GCF_038449195.1,Bradyrhizobium ottawaense,unknown,1000,2000,2000,1.0,false,false
GCF_038449195.1,Bradyrhizobium ottawaense,unknown,1000,2000,2000,1.0,false,false
GCF_038449195.1,Bradyrhizobium ottawaense,unknown,1000,2000,2000,1.0,false,false
GCF_038449195.1,Bradyrhizobium ottawaense,unknown,1000,2000,2000,1.0,false,false
GCF_038449195.1,Bradyrhizobium ottawaense,unknown,1000,2000,2000,1.0,false,false
GCF_038449195.1,Bradyrhizobium ottawaense,unknown,1000,2000,2000,1.0,false,false
GCF_038449195.1,Bradyrhizobium ottawaense,unknown,1000,2000,2000,1.0,false,false
GCF_038449195.1,Bradyrhizobium ottawaense,unknown,1000,2000,2000,1.0,false,false
GCF_038449195.1,Bradyrhizobium ottawaense,unknown,1000,2000,2000,1.0,false,false
GCF_038449195.1,Bradyrhizobium ottawaense,unknown,1000,2000,2000,1.0,false,false
GCF_038449195.1,Bradyrhizobium ottawaense,unknown,1000,2000,2000,1.0,false,false
GCF_038449195.1,Bradyrhizobium ottawaense,unknown,1000,2000,2000,1.0,false,false
GCF_038449195.1,Bradyrhizobium ottawaense,unknown,1000,2000,2000,1.0,false,false
GCF_038449195.1,Bradyrhizobium ottawaense,unknown,1000,2000,2000,1.0,false,false
GCF_038449195.1,Bradyrhizobium ottawaense,unknown,1000,2000,2000,1.0,false,false
GCF_038449195.1,Bradyrhizobium ottawaense,unknown,1000,2000,2000,1.0,false,false
GCF_038449195.1,Bradyrhizobium ottawaense,unknown,1000,2000,2000,1.0,false,false
GCF_038449195.1,Bradyrhizobium ottawaense,unknown,1000,2000,2000,1.0,false,false
GCF_038449195.1,Bradyrhizobium ottawaense,unknown,1000,2000,2000,1.0,false,false
GCF_038449195.1,Bradyrhizobium ottawaense,unknown,1000,2000,2000,1.0,false,false
GCF_038449195.1,Bradyrhizobium ottawaense,unknown,1000,2000,2000,1.0,false,false
GCF_038449195.1,Bradyrhizobium ottawaense,unknown,1000,2000,2000,1.0,false,false
GCF_038449195.1,Bradyrhizobium ottawaense,unknown,1000,2000,2000,1.0,false,false
GCF_038449195.1,Bradyrhizobium ottawaense,unknown,1000,2000,2000,1.0,false,false
GCF_038449195.1,Bradyrhizobium ottawaense,unknown,1000,2000,2000,1.0,false,false
GCF_038449195.1,Bradyrhizobium ottawaense,unknown,1000,2000,2000,1.0,false,false
GCF_038449195.1,Bradyrhizobium ottawaense,unknown,1000,2000,2000,1.0,false,false
GCF_038449195.1,Bradyrhizobium ottawaense,unknown,1000,2000,2000,1.0,false,false
GCF_038449195.1,Bradyrhizobium ottawaense,unknown,1000,2000,2000,1.0,false,false
GCF_038449195.1,Bradyrhizobium ottawaense,unknown,1000,2000,2000,1.0,false,false
GCF_038449195.1,Bradyrhizobium ottawaense,unknown,1000,2000,2000,1.0,false,false
GCF_038449195.1,Bradyrhizobium ottawaense,unknown,1000,2000,2000,1.0,false,false
GCF_038449195.1,Bradyrhizobium ottawaense,unknown,1000,2000,2000,1.0,false,false
GCF_038449195.1,Bradyrhizobium ottawaense,unknown,1000,2000,2000,1.0,false,false
GCF_038449195.1,Bradyrhizobium ottawaense,unknown,1000,2000,2000,1.0,false,false
GCF_038449195.1,Bradyrhizobium ottawaense,unknown,1000,2000,2000,1.0,false,false
GCF_038449195.1,Bradyrhizobium ottawaense,unknown,1000,2000,2000,1.0,false,false
GCF_038449195.1,Bradyrhizobium ottawaense,unknown,1000,2000,2000,1.0,false,false
GCF_038449195.1,Bradyrhizobium ottawaense,unknown,1000,2000,2000,1.0,false,false
GCF_038449195.1,Bradyrhizobium ottawaense,unknown,1000,2000,2000,1.0,false,false
GCF_038449195.1,Bradyrhizobium ottawaense,unknown,1000,2000,2000,1.0,false,false
GCF_038449195.1,Bradyrhizobium ottawaense,unknown,1000,2000,2000,1.0,false,false
GCF_038449195.1,Bradyrhizobium ottawaense,unknown,1000,2000,2000,1.0,false,false
GCF_038449195.1,Bradyrhizobium ottawaense,unknown,1000,2000,2000,1.0,false,false
GCF_038449195.1,Bradyrhizobium ottawaense,unknown,1000,2000,2000,1.0,false,false
GCF_038449195.1,Bradyrhizobium ottawaense,unknown,1000,2000,2000,1.0,false,false
GCF_038449195.1,Bradyrhizobium ottawaense,unknown,1000,2000,2000,1.0,false,false
GCF_038449195.1,Bradyrhizobium ottawaense,unknown,1000,2000,2000,1.0,false,false
GCF_038449195.1,Bradyrhizobium ottawaense,unknown,1000,2000,2000,1.0,false,false
GCF_038449195.1,Bradyrhizobium ottawaense,unknown,1000,2000,2000,1.0,false,false
GCF_038449195.1,Bradyrhizobium ottawaense,unknown,1000,2000,2000,1.0,false,false
GCF_038449195.1,Bradyrhizobium ottawaense,unknown,1000,2000,2000,1.0,false,false
GCF_038449195.1,Bradyrhizobium ottawaense,unknown,1000,2000,2000,1.0,false,false
GCF_038449195.1,Bradyrhizobium ottawaense,unknown,1000,2000,2000,1.0,false,false
GCF_038449195.1,Bradyrhizobium ottawaense,unknown,1000,2000,2000,1.0,false,false
GCF_038449195.1,Bradyrhizobium ottawaense,unknown,1000,2000,2000,1.0,false,false
GCF_038449195.1,Bradyrhizobium ottawaense,unknown,1000,2000,2000,1.0,false,false
GCF_038449195.1,Bradyrhizobium ottawaense,unknown,1000,2000,2000,1.0,false,false
GCF_038449195.1,Bradyrhizobium ottawaense,unknown,1000,2000,2000,1.0,false,false
GCF_038449195.1,Bradyrhizobium ottawaense,unknown,1000,2000,2000,1.0,false,false
GCF_038449195.1,Bradyrhizobium ottawaense,unknown,1000,2000,2000,1.0,false,false
GCF_038449195.1,Bradyrhizobium ottawaense,unknown,1000,2000,2000,1.0,false,false
GCF_038449195.1,Bradyrhizobium ottawaense,unknown,1000,2000,2000,1.0,false,false
GCF_038449195.1,Bradyrhizobium ottawaense,unknown,1000,2000,2000,1.0,false,false
GCF_038449195.1,Bradyrhizobium ottawaense,unknown,1000,2000,2000,1.0,false,false
GCF_038449195.1,Bradyrhizobium ottawaense,unknown,1000,2000,2000,1.0,false,false
GCF_038449195.1,Bradyrhizobium ottawaense,unknown,1000,2000,2000,1.0,false,false
GCF_038449195.1,Bradyrhizobium ottawaense,unknown,1000,2000,2000,1.0,false,false
GCF_038449195.1,Bradyrhizobium ottawaense,unknown,1000,2000,2000,1.0,false,false
GCF_038449195.1,Bradyrhizobium ottawaense,unknown,1000,2000,2000,1.0,false,false
GCF_038449195.1,Bradyrhizobium ottawaense,unknown,1000,2000,2000,1.0,false,false
GCF_038449195.1,Bradyrhizobium ottawaense,unknown,1000,2000,2000,1.0,false,false
GCF_038449195.1,Bradyrhizobium ottawaense,unknown,1000,2000,2000,1.0,false,false
GCF_038449195.1,Bradyrhizobium ottawaense,unknown,1000,2000,2000,1.0,false,false
GCF_038449195.1,Bradyrhizobium ottawaense,unknown,1000,2000,2000,1.0,false,false
GCF_038449195.1,Bradyrhizobium ottawaense,unknown,1000,2000,2000,1.0,false,false
GCF_038449195.1,Bradyrhizobium ottawaense,unknown,1000,2000,2000,1.0,false,false
GCF_038449195.1,Bradyrhizobium ottawaense,unknown,1000,2000,2000,1.0,false,false
GCF_038449195.1,Bradyrhizobium ottawaense,unknown,1000,2000,2000,1.0,false,false
GCF_038449195.1,Bradyrhizobium ottawaense,unknown,1000,2000,2000,1.0,false,false
GCF_038449195.1,Bradyrhizobium ottawaense,unknown,1000,2000,2000,1.0,false,false
GCF_038449195.1,Bradyrhizobium ottawaense,unknown,1000,2000,2000,1.0,false,false
GCF_038449195.1,Bradyrhizobium ottawaense,unknown,1000,2000,2000,1.0,false,false
GCF_038449195.1,Bradyrhizobium ottawaense,unknown,1000,2000,2000,1.0,false,false
GCF_038449195.1,Bradyrhizobium ottawaense,unknown,1000,2000,2000,1.0,false,false
GCF_038449195.1,Bradyrhizobium ottawaense,unknown,1000,2000,2000,1.0,false,false
GCF_038449195.1,Bradyrhizobium ottawaense,unknown,1000,2000,2000,1.0,false,false
GCF_038449195.1,Bradyrhizobium ottawaense,unknown,1000,2000,2000,1.0,false,false
GCF_038449195.1,Bradyrhizobium ottawaense,unknown,1000,2000,2000,1.0,false,false
GCF_038449195.1,Bradyrhizobium ottawaense,unknown,1000,2000,2000,1.0,false,false
GCF_038449195.1,Bradyrhizobium ottawaense,unknown,1000,2000,2000,1.0,false,false
GCF_038449195.1,Bradyrhizobium ottawaense,unknown,1000,2000,2000,1.0,false,false
GCF_038449195.1,Bradyrhizobium ottawaense,unknown,1000,2000,2000,1.0,false,false
GCF_038449195.1,Bradyrhizobium ottawaense,unknown,1000,2000,2000,1.0,false,false
GCF_038449195.1,Bradyrhizobium ottawaense,unknown,1000,2000,2000,1.0,false,false
GCF_038449195.1,Bradyrhizobium ottawaense,unknown,1000,2000,2000,1.0,false,false
GCF_038449195.1,Bradyrhizobium ottawaense,unknown,1000,2000,2000,1.0,false,false
GCF_038449195.1,Bradyrhizobium ottawaense,unknown,1000,2000,2000,1.0,false,false
GCF_038449195.1,Bradyrhizobium ottawaense,unknown,1000,2000,2000,1.0,false,false
GCF_038449195.1,Bradyrhizobium ottawaense,unknown,1000,2000,2000,1.0,false,false
GCF_038449195.1,Bradyrhizobium ottawaense,unknown,1000,2000,2000,1.0,false,false
GCF_038449195.1,Bradyrhizobium ottawaense,unknown,1000,2000,2000,1.0,false,false
GCF_038449195.1,Bradyrhizobium ottawaense,unknown,1000,2000,2000,1.0,false,false
GCF_038449195.1,Bradyrhizobium ottawaense,unknown,1000,2000,2000,1.0,false,false
GCF_038449195.1,Bradyrhizobium ottawaense,unknown,1000,2000,2000,1.0,false,false
GCF_038449195.1,Bradyrhizobium ottawaense,unknown,1000,2000,2000,1.0,false,false
GCF_038449195.1,Bradyrhizobium ottawaense,unknown,1000,2000,2000,1.0,false,false
GCF_038449195.1,Bradyrhizobium ottawaense,unknown,1000,2000,2000,1.0,false,false
GCF_038449195.1,Bradyrhizobium ottawaense,unknown,1000,2000,2000,1.0,false,false
GCF_038449195.1,Bradyrhizobium ottawaense,unknown,1000,2000,2000,1.0,false,false
GCF_038449195.1,Bradyrhizobium ottawaense,unknown,1000,2000,2000,1.0,false,false
GCF_038449195.1,Bradyrhizobium ottawaense,unknown,1000,2000,2000,1.0,false,false
GCF_038449195.1,Bradyrhizobium ottawaense,unknown,1000,2000,2000,1.0,false,false
GCF_038449195.1,Bradyrhizobium ottawaense,unknown,1000,2000,2000,1.0,false,false
GCF_038449195.1,Bradyrhizobium ottawaense,unknown,1000,2000,2000,1.0,false,false
GCF_038449195.1,Bradyrhizobium ottawaense,unknown,1000,2000,2000,1.0,false,false
GCF_038449195.1,Bradyrhizobium ottawaense,unknown,1000,2000,2000,1.0,false,false
GCF_038449195.1,Bradyrhizobium ottawaense,unknown,1000,2000,2000,1.0,false,false
GCF_038449195.1,Bradyrhizobium ottawaense,unknown,1000,2000,2000,1.0,false,false
GCF_038449195.1,Bradyrhizobium ottawaense,unknown,1000,2000,2000,1.0,false,false
GCF_038449195.1,Bradyrhizobium ottawaense,unknown,1000,2000,2000,1.0,false,false
GCF_038449195.1,Bradyrhizobium ottawaense,unknown,1000,2000,2000,1.0,false,false
GCF_038449195.1,Bradyrhizobium ottawaense,unknown,1000,2000,2000,1.0,false,false
GCF_038449195.1,Bradyrhizobium ottawaense,unknown,1000,2000,2000,1.0,false,false
GCF_038449195.1,Bradyrhizobium ottawaense,unknown,1000,2000,2000,1.0,false,false
GCF_038449195.1,Bradyrhizobium ottawaense,unknown,1000,2000,2000,1.0,false,false
GCF_038449195.1,Bradyrhizobium ottawaense,unknown,1000,2000,2000,1.0,false,false
GCF_038449195.1,Bradyrhizobium ottawaense,unknown,1000,2000,2000,1.0,false,false
GCF_038449195.1,Bradyrhizobium ottawaense,unknown,1000,2000,2000,1.0,false,false
GCF_038449195.1,Bradyrhizobium ottawaense,unknown,1000,2000,2000,1.0,false,false
GCF_038449195.1,Bradyrhizobium ottawaense,unknown,1000,2000,2000,1.0,false,false
GCF_038449195.1,Bradyrhizobium ottawaense,unknown,1000,2000,2000,1.0,false,false
GCF_038449195.1,Bradyrhizobium ottawaense,unknown,1000,2000,2000,1.0,false,false
GCF_038449195.1,Bradyrhizobium ottawaense,unknown,1000,2000,2000,1.0,false,false
GCF_011106775.1,Klebsiella pneumoniae,unknown,1000,2000,2000,1.0,false,false
GCF_011106775.1,Klebsiella pneumoniae,unknown,1000,2000,2000,1.0,false,false
GCF_011106775.1,Klebsiella pneumoniae,unknown,1000,2000,2000,1.0,false,false
GCF_011106775.1,Klebsiella pneumoniae,unknown,1000,2000,2000,1.0,false,false
GCF_011106775.1,Klebsiella pneumoniae,unknown,1000,2000,2000,1.0,false,false
GCF_011106775.1,Klebsiella pneumoniae,unknown,1000,2000,2000,1.0,false,false
GCF_011106775.1,Klebsiella pneumoniae,unknown,1000,2000,2000,1.0,false,false
GCF_011106775.1,Klebsiella pneumoniae,unknown,1000,2000,2000,1.0,false,false
GCF_011106775.1,Klebsiella pneumoniae,unknown,1000,2000,2000,1.0,false,false
GCF_011106775.1,Klebsiella pneumoniae,unknown,1000,2000,2000,1.0,false,false
GCF_011106775.1,Klebsiella pneumoniae,unknown,1000,2000,2000,1.0,false,false
GCF_011106775.1,Klebsiella pneumoniae,unknown,1000,2000,2000,1.0,false,false
GCF_011106775.1,Klebsiella pneumoniae,unknown,1000,2000,2000,1.0,false,false
GCF_011106775.1,Klebsiella pneumoniae,unknown,1000,2000,2000,1.0,false,false
GCF_011106775.1,Klebsiella pneumoniae,unknown,1000,2000,2000,1.0,false,false
GCF_011106775.1,Klebsiella pneumoniae,unknown,1000,2000,2000,1.0,false,false
GCF_011106775.1,Klebsiella pneumoniae,unknown,1000,2000,2000,1.0,false,false
GCF_011106775.1,Klebsiella pneumoniae,unknown,1000,2000,2000,1.0,false,false
GCF_011106775.1,Klebsiella pneumoniae,unknown,1000,2000,2000,1.0,false,false
GCF_011106775.1,Klebsiella pneumoniae,unknown,1000,2000,2000,1.0,false,false
GCF_011106775.1,Klebsiella pneumoniae,unknown,1000,2000,2000,1.0,false,false
GCF_011106775.1,Klebsiella pneumoniae,unknown,1000,2000,2000,1.0,false,false
GCF_011106775.1,Klebsiella pneumoniae,unknown,1000,2000,2000,1.0,false,false
GCF_011106775.1,Klebsiella pneumoniae,unknown,1000,2000,2000,1.0,false,false
GCF_011106775.1,Klebsiella pneumoniae,unknown,1000,2000,2000,1.0,false,false
GCF_011106775.1,Klebsiella pneumoniae,unknown,1000,2000,2000,1.0,false,false
GCF_011106775.1,Klebsiella pneumoniae,unknown,1000,2000,2000,1.0,false,false
GCF_011106775.1,Klebsiella pneumoniae,unknown,1000,2000,2000,1.0,false,false
GCF_011106775.1,Klebsiella pneumoniae,unknown,1000,2000,2000,1.0,false,false
GCF_011106775.1,Klebsiella pneumoniae,unknown,1000,2000,2000,1.0,false,false
GCF_011106775.1,Klebsiella pneumoniae,unknown,1000,2000,2000,1.0,false,false
GCF_011106775.1,Klebsiella pneumoniae,unknown,1000,2000,2000,1.0,false,false
GCF_011106775.1,Klebsiella pneumoniae,unknown,1000,2000,2000,1.0,false,false
GCF_011106775.1,Klebsiella pneumoniae,unknown,1000,2000,2000,1.0,false,false
GCF_011106775.1,Klebsiella pneumoniae,unknown,1000,2000,2000,1.0,false,false
GCF_011106775.1,Klebsiella pneumoniae,unknown,1000,2000,2000,1.0,false,false
GCF_011106775.1,Klebsiella pneumoniae,unknown,1000,2000,2000,1.0,false,false
GCF_011106775.1,Klebsiella pneumoniae,unknown,1000,2000,2000,1.0,false,false
GCF_011106775.1,Klebsiella pneumoniae,unknown,1000,2000,2000,1.0,false,false
GCF_011106775.1,Klebsiella pneumoniae,unknown,1000,2000,2000,1.0,false,false
GCF_011106775.1,Klebsiella pneumoniae,unknown,1000,2000,2000,1.0,false,false
GCF_011106775.1,Klebsiella pneumoniae,unknown,1000,2000,2000,1.0,false,false
GCF_011106775.1,Klebsiella pneumoniae,unknown,1000,2000,2000,1.0,false,false
GCF_011106775.1,Klebsiella pneumoniae,unknown,1000,2000,2000,1.0,false,false
GCF_011106775.1,Klebsiella pneumoniae,unknown,1000,2000,2000,1.0,false,false
GCF_011106775.1,Klebsiella pneumoniae,unknown,1000,2000,2000,1.0,false,false
GCF_011106775.1,Klebsiella pneumoniae,unknown,1000,2000,2000,1.0,false,false
GCF_011106775.1,Klebsiella pneumoniae,unknown,1000,2000,2000,1.0,false,false
GCF_011106775.1,Klebsiella pneumoniae,unknown,1000,2000,2000,1.0,false,false
GCF_011106775.1,Klebsiella pneumoniae,unknown,1000,2000,2000,1.0,false,false
GCF_011106775.1,Klebsiella pneumoniae,unknown,1000,2000,2000,1.0,false,false
GCF_011106775.1,Klebsiella pneumoniae,unknown,1000,2000,2000,1.0,false,false
GCF_011106775.1,Klebsiella pneumoniae,unknown,1000,2000,2000,1.0,false,false
GCF_011106775.1,Klebsiella pneumoniae,unknown,1000,2000,2000,1.0,false,false
GCF_011106775.1,Klebsiella pneumoniae,unknown,1000,2000,2000,1.0,false,false
GCF_011106775.1,Klebsiella pneumoniae,unknown,1000,2000,2000,1.0,false,false
GCF_011106775.1,Klebsiella pneumoniae,unknown,1000,2000,2000,1.0,false,false
GCF_011106775.1,Klebsiella pneumoniae,unknown,1000,2000,2000,1.0,false,false
GCF_011106775.1,Klebsiella pneumoniae,unknown,1000,2000,2000,1.0,false,false
GCF_011106775.1,Klebsiella pneumoniae,unknown,1000,2000,2000,1.0,false,false
GCF_011106775.1,Klebsiella pneumoniae,unknown,1000,2000,2000,1.0,false,false
GCF_011106775.1,Klebsiella pneumoniae,unknown,1000,2000,2000,1.0,false,false
GCF_011106775.1,Klebsiella pneumoniae,unknown,1000,2000,2000,1.0,false,false
GCF_011106775.1,Klebsiella pneumoniae,unknown,1000,2000,2000,1.0,false,false
GCF_011106775.1,Klebsiella pneumoniae,unknown,1000,2000,2000,1.0,false,false
GCF_011106775.1,Klebsiella pneumoniae,unknown,1000,2000,2000,1.0,false,false
GCF_011106775.1,Klebsiella pneumoniae,unknown,1000,2000,2000,1.0,false,false
GCF_011106775.1,Klebsiella pneumoniae,unknown,1000,2000,2000,1.0,false,false
GCF_011106775.1,Klebsiella pneumoniae,unknown,1000,2000,2000,1.0,false,false
GCF_011106775.1,Klebsiella pneumoniae,unknown,1000,2000,2000,1.0,false,false
GCF_011106775.1,Klebsiella pneumoniae,unknown,1000,2000,2000,1.0,false,false
GCF_011106775.1,Klebsiella pneumoniae,unknown,1000,2000,2000,1.0,false,false
GCF_011106775.1,Klebsiella pneumoniae,unknown,1000,2000,2000,1.0,false,false
GCF_011106775.1,Klebsiella pneumoniae,unknown,1000,2000,2000,1.0,false,false
GCF_011106775.1,Klebsiella pneumoniae,unknown,1000,2000,2000,1.0,false,false
GCF_011106775.1,Klebsiella pneumoniae,unknown,1000,2000,2000,1.0,false,false
GCF_011106775.1,Klebsiella pneumoniae,unknown,1000,2000,2000,1.0,false,false
GCF_011106775.1,Klebsiella pneumoniae,unknown,1000,2000,2000,1.0,false,false
GCF_011106775.1,Klebsiella pneumoniae,unknown,1000,2000,2000,1.0,false,false
GCF_011106775.1,Klebsiella pneumoniae,unknown,1000,2000,2000,1.0,false,false
GCF_011106775.1,Klebsiella pneumoniae,unknown,1000,2000,2000,1.0,false,false
GCF_011106775.1,Klebsiella pneumoniae,unknown,1000,2000,2000,1.0,false,false
GCF_011106775.1,Klebsiella pneumoniae,unknown,1000,2000,2000,1.0,false,false
GCF_011106775.1,Klebsiella pneumoniae,unknown,1000,2000,2000,1.0,false,false
GCF_011106775.1,Klebsiella pneumoniae,unknown,1000,2000,2000,1.0,false,false
GCF_011106775.1,Klebsiella pneumoniae,unknown,1000,2000,2000,1.0,false,false
GCF_011106775.1,Klebsiella pneumoniae,unknown,1000,2000,2000,1.0,false,false
GCF_011106775.1,Klebsiella pneumoniae,unknown,1000,2000,2000,1.0,false,false
GCF_011106775.1,Klebsiella pneumoniae,unknown,1000,2000,2000,1.0,false,false
GCF_011106775.1,Klebsiella pneumoniae,unknown,1000,2000,2000,1.0,false,false
GCF_011106775.1,Klebsiella pneumoniae,unknown,1000,2000,2000,1.0,false,false
GCF_011106775.1,Klebsiella pneumoniae,unknown,1000,2000,2000,1.0,false,false
GCF_011106775.1,Klebsiella pneumoniae,unknown,1000,2000,2000,1.0,false,false
GCF_011106775.1,Klebsiella pneumoniae,unknown,1000,2000,2000,1.0,false,false
GCF_011106775.1,Klebsiella pneumoniae,unknown,1000,2000,2000,1.0,false,false
GCF_011106775.1,Klebsiella pneumoniae,unknown,1000,2000,2000,1.0,false,false
GCF_011106775.1,Klebsiella pneumoniae,unknown,1000,2000,2000,1.0,false,false
GCF_011106775.1,Klebsiella pneumoniae,unknown,1000,2000,2000,1.0,false,false
GCF_011106775.1,Klebsiella pneumoniae,unknown,1000,2000,2000,1.0,false,false
GCF_011106775.1,Klebsiella pneumoniae,unknown,1000,2000,2000,1.0,false,false
GCF_011106775.1,Klebsiella pneumoniae,unknown,1000,2000,2000,1.0,false,false
GCF_011106775.1,Klebsiella pneumoniae,unknown,1000,2000,2000,1.0,false,false
GCF_011106775.1,Klebsiella pneumoniae,unknown,1000,2000,2000,1.0,false,false
GCF_011106775.1,Klebsiella pneumoniae,unknown,1000,2000,2000,1.0,false,false
GCF_011106775.1,Klebsiella pneumoniae,unknown,1000,2000,2000,1.0,false,false
GCF_011106775.1,Klebsiella pneumoniae,unknown,1000,2000,2000,1.0,false,false
GCF_011106775.1,Klebsiella pneumoniae,unknown,1000,2000,2000,1.0,false,false
GCF_011106775.1,Klebsiella pneumoniae,unknown,1000,2000,2000,1.0,false,false
GCF_011106775.1,Klebsiella pneumoniae,unknown,1000,2000,2000,1.0,false,false
GCF_011106775.1,Klebsiella pneumoniae,unknown,1000,2000,2000,1.0,false,false
GCF_011106775.1,Klebsiella pneumoniae,unknown,1000,2000,2000,1.0,false,false
GCF_011106775.1,Klebsiella pneumoniae,unknown,1000,2000,2000,1.0,false,false
GCF_011106775.1,Klebsiella pneumoniae,unknown,1000,2000,2000,1.0,false,false
GCF_011106775.1,Klebsiella pneumoniae,unknown,1000,2000,2000,1.0,false,false
GCF_011106775.1,Klebsiella pneumoniae,unknown,1000,2000,2000,1.0,false,false
GCF_011106775.1,Klebsiella pneumoniae,unknown,1000,2000,2000,1.0,false,false
GCF_011106775.1,Klebsiella pneumoniae,unknown,1000,2000,2000,1.0,false,false
GCF_011106775.1,Klebsiella pneumoniae,unknown,1000,2000,2000,1.0,false,false
GCF_011106775.1,Klebsiella pneumoniae,unknown,1000,2000,2000,1.0,false,false
GCF_011106775.1,Klebsiella pneumoniae,unknown,1000,2000,2000,1.0,false,false
GCF_011106775.1,Klebsiella pneumoniae,unknown,1000,2000,2000,1.0,false,false
GCF_011106775.1,Klebsiella pneumoniae,unknown,1000,2000,2000,1.0,false,false
GCF_011106775.1,Klebsiella pneumoniae,unknown,1000,2000,2000,1.0,false,false
GCF_011106775.1,Klebsiella pneumoniae,unknown,1000,2000,2000,1.0,false,false
GCF_011106775.1,Klebsiella pneumoniae,unknown,1000,2000,2000,1.0,false,false
GCF_011106775.1,Klebsiella pneumoniae,unknown,1000,2000,2000,1.0,false,false
GCF_011106775.1,Klebsiella pneumoniae,unknown,1000,2000,2000,1.0,false,false
GCF_011106775.1,Klebsiella pneumoniae,unknown,1000,2000,2000,1.0,false,false
GCF_011106775.1,Klebsiella pneumoniae,unknown,1000,2000,2000,1.0,false,false
GCF_011106775.1,Klebsiella pneumoniae,unknown,1000,2000,2000,1.0,false,false
GCF_011106775.1,Klebsiella pneumoniae,unknown,1000,2000,2000,1.0,false,false
GCF_011106775.1,Klebsiella pneumoniae,unknown,1000,2000,2000,1.0,false,false
GCF_011106775.1,Klebsiella pneumoniae,unknown,1000,2000,2000,1.0,false,false
GCF_011106775.1,Klebsiella pneumoniae,unknown,1000,2000,2000,1.0,false,false
GCF_011106775.1,Klebsiella pneumoniae,unknown,1000,2000,2000,1.0,false,false
GCF_011106775.1,Klebsiella pneumoniae,unknown,1000,2000,2000,1.0,false,false
GCF_011106775.1,Klebsiella pneumoniae,unknown,1000,2000,2000,1.0,false,false
GCF_011106775.1,Klebsiella pneumoniae,unknown,1000,2000,2000,1.0,false,false
GCF_011106775.1,Klebsiella pneumoniae,unknown,1000,2000,2000,1.0,false,false
GCF_011106775.1,Klebsiella pneumoniae,unknown,1000,2000,2000,1.0,false,false
GCF_011106775.1,Klebsiella pneumoniae,unknown,1000,2000,2000,1.0,false,false
GCF_011106775.1,Klebsiella pneumoniae,unknown,1000,2000,2000,1.0,false,false
GCF_011106775.1,Klebsiella pneumoniae,unknown,1000,2000,2000,1.0,false,false
GCF_011106775.1,Klebsiella pneumoniae,unknown,1000,2000,2000,1.0,false,false
GCF_011106775.1,Klebsiella pneumoniae,unknown,1000,2000,2000,1.0,false,false
GCF_011106775.1,Klebsiella pneumoniae,unknown,1000,2000,2000,1.0,false,false
GCF_011106775.1,Klebsiella pneumoniae,unknown,1000,2000,2000,1.0,false,false
GCF_011106775.1,Klebsiella pneumoniae,unknown,1000,2000,2000,1.0,false,false
GCF_011106775.1,Klebsiella pneumoniae,unknown,1000,2000,2000,1.0,false,false
GCF_011106775.1,Klebsiella pneumoniae,unknown,1000,2000,2000,1.0,false,false
GCF_011106775.1,Klebsiella pneumoniae,unknown,1000,2000,2000,1.0,false,false
GCF_011106775.1,Klebsiella pneumoniae,unknown,1000,2000,2000,1.0,false,false
GCF_011106775.1,Klebsiella pneumoniae,unknown,1000,2000,2000,1.0,false,false
GCF_011106775.1,Klebsiella pneumoniae,unknown,1000,2000,2000,1.0,false,false
GCF_011106775.1,Klebsiella pneumoniae,unknown,1000,2000,2000,1.0,false,false
GCF_011106775.1,Klebsiella pneumoniae,unknown,1000,2000,2000,1.0,false,false
GCF_011106775.1,Klebsiella pneumoniae,unknown,1000,2000,2000,1.0,false,false
GCF_011106775.1,Klebsiella pneumoniae,unknown,1000,2000,2000,1.0,false,false
GCF_011106775.1,Klebsiella pneumoniae,unknown,1000,2000,2000,1.0,false,false
GCF_011106775.1,Klebsiella pneumoniae,unknown,1000,2000,2000,1.0,false,false
GCF_011106775.1,Klebsiella pneumoniae,unknown,1000,2000,2000,1.0,false,false
GCF_011106775.1,Klebsiella pneumoniae,unknown,1000,2000,2000,1.0,false,false
GCF_011106775.1,Klebsiella pneumoniae,unknown,1000,2000,2000,1.0,false,false
GCF_011106775.1,Klebsiella pneumoniae,unknown,1000,2000,2000,1.0,false,false
GCF_011106775.1,Klebsiella pneumoniae,unknown,1000,2000,2000,1.0,false,false
GCF_011106775.1,Klebsiella pneumoniae,unknown,1000,2000,2000,1.0,false,false
GCF_011106775.1,Klebsiella pneumoniae,unknown,1000,2000,2000,1.0,false,false
GCF_011106775.1,Klebsiella pneumoniae,unknown,1000,2000,2000,1.0,false,false
GCF_011106775.1,Klebsiella pneumoniae,unknown,1000,2000,2000,1.0,false,false
GCF_011106775.1,Klebsiella pneumoniae,unknown,1000,2000,2000,1.0,false,false
GCF_011106775.1,Klebsiella pneumoniae,unknown,1000,2000,2000,1.0,false,false
GCF_011106775.1,Klebsiella pneumoniae,unknown,1000,2000,2000,1.0,false,false
GCF_011106775.1,Klebsiella pneumoniae,unknown,1000,2000,2000,1.0,false,false
GCF_011106775.1,Klebsiella pneumoniae,unknown,1000,2000,2000,1.0,false,false
GCF_011106775.1,Klebsiella pneumoniae,unknown,1000,2000,2000,1.0,false,false
GCF_011106775.1,Klebsiella pneumoniae,unknown,1000,2000,2000,1.0,false,false
GCF_011106775.1,Klebsiella pneumoniae,unknown,1000,2000,2000,1.0,false,false
GCF_011106775.1,Klebsiella pneumoniae,unknown,1000,2000,2000,1.0,false,false
GCF_011106775.1,Klebsiella pneumoniae,unknown,1000,2000,2000,1.0,false,false
GCF_011106775.1,Klebsiella pneumoniae,unknown,1000,2000,2000,1.0,false,false
GCF_011106775.1,Klebsiella pneumoniae,unknown,1000,2000,2000,1.0,false,false
GCF_011106775.1,Klebsiella pneumoniae,unknown,1000,2000,2000,1.0,false,false
GCF_011106775.1,Klebsiella pneumoniae,unknown,1000,2000,2000,1.0,false,false
GCF_011106775.1,Klebsiella pneumoniae,unknown,1000,2000,2000,1.0,false,false
GCF_011106775.1,Klebsiella pneumoniae,unknown,1000,2000,2000,1.0,false,false
GCF_011106775.1,Klebsiella pneumoniae,unknown,1000,2000,2000,1.0,false,false
GCF_011106775.1,Klebsiella pneumoniae,unknown,1000,2000,2000,1.0,false,false
GCF_011106775.1,Klebsiella pneumoniae,unknown,1000,2000,2000,1.0,false,false
GCF_011106775.1,Klebsiella pneumoniae,unknown,1000,2000,2000,1.0,false,false
GCF_011106775.1,Klebsiella pneumoniae,unknown,1000,2000,2000,1.0,false,false
GCF_011106775.1,Klebsiella pneumoniae,unknown,1000,2000,2000,1.0,false,false
GCF_011106775.1,Klebsiella pneumoniae,unknown,1000,2000,2000,1.0,false,false
GCF_011106775.1,Klebsiella pneumoniae,unknown,1000,2000,2000,1.0,false,false
GCF_011106775.1,Klebsiella pneumoniae,unknown,1000,2000,2000,1.0,false,false
GCF_011106775.1,Klebsiella pneumoniae,unknown,1000,2000,2000,1.0,false,false
GCF_011106775.1,Klebsiella pneumoniae,unknown,1000,2000,2000,1.0,false,false
GCF_011106775.1,Klebsiella pneumoniae,unknown,1000,2000,2000,1.0,false,false
GCF_011106775.1,Klebsiella pneumoniae,unknown,1000,2000,2000,1.0,false,false
GCF_011106775.1,Klebsiella pneumoniae,unknown,1000,2000,2000,1.0,false,false
GCF_011106775.1,Klebsiella pneumoniae,unknown,1000,2000,2000,1.0,false,false
GCF_011106775.1,Klebsiella pneumoniae,unknown,1000,2000,2000,1.0,false,false
GCF_011106775.1,Klebsiella pneumoniae,unknown,1000,2000,2000,1.0,false,false
GCF_011106775.1,Klebsiella pneumoniae,unknown,1000,2000,2000,1.0,false,false
GCF_011106775.1,Klebsiella pneumoniae,unknown,1000,2000,2000,1.0,false,false
GCF_011106775.1,Klebsiella pneumoniae,unknown,1000,2000,2000,1.0,false,false
GCF_011106775.1,Klebsiella pneumoniae,unknown,1000,2000,2000,1.0,false,false
GCF_011106775.1,Klebsiella pneumoniae,unknown,1000,2000,2000,1.0,false,false
GCF_011106775.1,Klebsiella pneumoniae,unknown,1000,2000,2000,1.0,false,false
GCF_011106775.1,Klebsiella pneumoniae,unknown,1000,2000,2000,1.0,false,false
GCF_011106775.1,Klebsiella pneumoniae,unknown,1000,2000,2000,1.0,false,false
GCF_011106775.1,Klebsiella pneumoniae,unknown,1000,2000,2000,1.0,false,false
GCF_011106775.1,Klebsiella pneumoniae,unknown,1000,2000,2000,1.0,false,false
GCF_011106775.1,Klebsiella pneumoniae,unknown,1000,2000,2000,1.0,false,false
GCF_011106775.1,Klebsiella pneumoniae,unknown,1000,2000,2000,1.0,false,false
GCF_011106775.1,Klebsiella pneumoniae,unknown,1000,2000,2000,1.0,false,false
GCF_011106775.1,Klebsiella pneumoniae,unknown,1000,2000,2000,1.0,false,false
GCF_011106775.1,Klebsiella pneumoniae,unknown,1000,2000,2000,1.0,false,false
GCF_011106775.1,Klebsiella pneumoniae,unknown,1000,2000,2000,1.0,false,false
GCF_011106775.1,Klebsiella pneumoniae,unknown,1000,2000,2000,1.0,false,false
GCF_011106775.1,Klebsiella pneumoniae,unknown,1000,2000,2000,1.0,false,false
GCF_011106775.1,Klebsiella pneumoniae,unknown,1000,2000,2000,1.0,false,false
GCF_011106775.1,Klebsiella pneumoniae,unknown,1000,2000,2000,1.0,false,false
GCF_011106775.1,Klebsiella pneumoniae,unknown,1000,2000,2000,1.0,false,false
GCF_011106775.1,Klebsiella pneumoniae,unknown,1000,2000,2000,1.0,false,false
GCF_011106775.1,Klebsiella pneumoniae,unknown,1000,2000,2000,1.0,false,false
GCF_011106775.1,Klebsiella pneumoniae,unknown,1000,2000,2000,1.0,false,false
GCF_011106775.1,Klebsiella pneumoniae,unknown,1000,2000,2000,1.0,false,false
GCF_011106775.1,Klebsiella pneumoniae,unknown,1000,2000,2000,1.0,false,false
GCF_011106775.1,Klebsiella pneumoniae,unknown,1000,2000,2000,1.0,false,false
GCF_011106775.1,Klebsiella pneumoniae,unknown,1000,2000,2000,1.0,false,false
GCF_011106775.1,Klebsiella pneumoniae,unknown,1000,2000,2000,1.0,false,false
GCF_011106775.1,Klebsiella pneumoniae,unknown,1000,2000,2000,1.0,false,false
GCF_011106775.1,Klebsiella pneumoniae,unknown,1000,2000,2000,1.0,false,false
GCF_011106775.1,Klebsiella pneumoniae,unknown,1000,2000,2000,1.0,false,false
GCF_011106775.1,Klebsiella pneumoniae,unknown,1000,2000,2000,1.0,false,false
GCF_011106775.1,Klebsiella pneumoniae,unknown,1000,2000,2000,1.0,false,false
GCF_011106775.1,Klebsiella pneumoniae,unknown,1000,2000,2000,1.0,false,false
GCF_011106775.1,Klebsiella pneumoniae,unknown,1000,2000,2000,1.0,false,false
GCF_011106775.1,Klebsiella pneumoniae,unknown,1000,2000,2000,1.0,false,false
GCF_011106775.1,Klebsiella pneumoniae,unknown,1000,2000,2000,1.0,false,false
GCF_011106775.1,Klebsiella pneumoniae,unknown,1000,2000,2000,1.0,false,false
GCF_011106775.1,Klebsiella pneumoniae,unknown,1000,2000,2000,1.0,false,false
GCF_011106775.1,Klebsiella pneumoniae,unknown,1000,2000,2000,1.0,false,false
GCF_011106775.1,Klebsiella pneumoniae,unknown,1000,2000,2000,1.0,false,false
GCF_011106775.1,Klebsiella pneumoniae,unknown,1000,2000,2000,1.0,false,false
GCF_011106775.1,Klebsiella pneumoniae,unknown,1000,2000,2000,1.0,false,false
GCF_011106775.1,Klebsiella pneumoniae,unknown,1000,2000,2000,1.0,false,false
GCF_011106775.1,Klebsiella pneumoniae,unknown,1000,2000,2000,1.0,false,false
GCF_011106775.1,Klebsiella pneumoniae,unknown,1000,2000,2000,1.0,false,false
GCF_011106775.1,Klebsiella pneumoniae,unknown,1000,2000,2000,1.0,false,false
GCF_011106775.1,Klebsiella pneumoniae,unknown,1000,2000,2000,1.0,false,false
GCF_011106775.1,Klebsiella pneumoniae,unknown,1000,2000,2000,1.0,false,false
GCF_011106775.1,Klebsiella pneumoniae,unknown,1000,2000,2000,1.0,false,false
GCF_011106775.1,Klebsiella pneumoniae,unknown,1000,2000,2000,1.0,false,false
GCF_011106775.1,Klebsiella pneumoniae,unknown,1000,2000,2000,1.0,false,false
GCF_011106775.1,Klebsiella pneumoniae,unknown,1000,2000,2000,1.0,false,false
GCF_011106775.1,Klebsiella pneumoniae,unknown,1000,2000,2000,1.0,false,false
GCF_011106775.1,Klebsiella pneumoniae,unknown,1000,2000,2000,1.0,false,false
GCF_011106775.1,Klebsiella pneumoniae,unknown,1000,2000,2000,1.0,false,false
GCF_011106775.1,Klebsiella pneumoniae,unknown,1000,2000,2000,1.0,false,false
GCF_011106775.1,Klebsiella pneumoniae,unknown,1000,2000,2000,1.0,false,false
GCF_011106775.1,Klebsiella pneumoniae,unknown,1000,2000,2000,1.0,false,false
GCF_011106775.1,Klebsiella pneumoniae,unknown,1000,2000,2000,1.0,false,false
GCF_011106775.1,Klebsiella pneumoniae,unknown,1000,2000,2000,1.0,false,false
GCF_011106775.1,Klebsiella pneumoniae,unknown,1000,2000,2000,1.0,false,false
GCF_011106775.1,Klebsiella pneumoniae,unknown,1000,2000,2000,1.0,false,false
GCF_011106775.1,Klebsiella pneumoniae,unknown,1000,2000,2000,1.0,false,false
GCF_011106775.1,Klebsiella pneumoniae,unknown,1000,2000,2000,1.0,false,false
GCF_011106775.1,Klebsiella pneumoniae,unknown,1000,2000,2000,1.0,false,false
GCF_011106775.1,Klebsiella pneumoniae,unknown,1000,2000,2000,1.0,false,false
GCF_011106775.1,Klebsiella pneumoniae,unknown,1000,2000,2000,1.0,false,false
GCF_011106775.1,Klebsiella pneumoniae,unknown,1000,2000,2000,1.0,false,false
GCF_011106775.1,Klebsiella pneumoniae,unknown,1000,2000,2000,1.0,false,false
GCF_011106775.1,Klebsiella pneumoniae,unknown,1000,2000,2000,1.0,false,false
GCF_011106775.1,Klebsiella pneumoniae,unknown,1000,2000,2000,1.0,false,false
GCF_011106775.1,Klebsiella pneumoniae,unknown,1000,2000,2000,1.0,false,false
GCF_011106775.1,Klebsiella pneumoniae,unknown,1000,2000,2000,1.0,false,false
GCF_011106775.1,Klebsiella pneumoniae,unknown,1000,2000,2000,1.0,false,false
GCF_011106775.1,Klebsiella pneumoniae,unknown,1000,2000,2000,1.0,false,false
GCF_011106775.1,Klebsiella pneumoniae,unknown,1000,2000,2000,1.0,false,false
GCF_011106775.1,Klebsiella pneumoniae,unknown,1000,2000,2000,1.0,false,false
GCF_011106775.1,Klebsiella pneumoniae,unknown,1000,2000,2000,1.0,false,false
GCF_011106775.1,Klebsiella pneumoniae,unknown,1000,2000,2000,1.0,false,false
GCF_011106775.1,Klebsiella pneumoniae,unknown,1000,2000,2000,1.0,false,false
GCF_011106775.1,Klebsiella pneumoniae,unknown,1000,2000,2000,1.0,false,false
GCF_011106775.1,Klebsiella pneumoniae,unknown,1000,2000,2000,1.0,false,false
GCF_011106775.1,Klebsiella pneumoniae,unknown,1000,2000,2000,1.0,false,false
GCF_011106775.1,Klebsiella pneumoniae,unknown,1000,2000,2000,1.0,false,false
GCF_011106775.1,Klebsiella pneumoniae,unknown,1000,2000,2000,1.0,false,false
GCF_011106775.1,Klebsiella pneumoniae,unknown,1000,2000,2000,1.0,false,false
GCF_011106775.1,Klebsiella pneumoniae,unknown,1000,2000,2000,1.0,false,false
GCF_011106775.1,Klebsiella pneumoniae,unknown,1000,2000,2000,1.0,false,false
GCF_011106775.1,Klebsiella pneumoniae,unknown,1000,2000,2000,1.0,false,false
GCF_011106775.1,Klebsiella pneumoniae,unknown,1000,2000,2000,1.0,false,false
GCF_011106775.1,Klebsiella pneumoniae,unknown,1000,2000,2000,1.0,false,false
GCF_011106775.1,Klebsiella pneumoniae,unknown,1000,2000,2000,1.0,false,false
GCF_011106775.1,Klebsiella pneumoniae,unknown,1000,2000,2000,1.0,false,false
GCF_011106775.1,Klebsiella pneumoniae,unknown,1000,2000,2000,1.0,false,false
GCF_011106775.1,Klebsiella pneumoniae,unknown,1000,2000,2000,1.0,false,false
GCF_011106775.1,Klebsiella pneumoniae,unknown,1000,2000,2000,1.0,false,false
GCF_011106775.1,Klebsiella pneumoniae,unknown,1000,2000,2000,1.0,false,false
GCF_011106775.1,Klebsiella pneumoniae,unknown,1000,2000,2000,1.0,false,false
GCF_011106775.1,Klebsiella pneumoniae,unknown,1000,2000,2000,1.0,false,false
GCF_011106775.1,Klebsiella pneumoniae,unknown,1000,2000,2000,1.0,false,false
GCF_011106775.1,Klebsiella pneumoniae,unknown,1000,2000,2000,1.0,false,false
GCF_011106775.1,Klebsiella pneumoniae,unknown,1000,2000,2000,1.0,false,false
GCF_011106775.1,Klebsiella pneumoniae,unknown,1000,2000,2000,1.0,false,false
GCF_011106775.1,Klebsiella pneumoniae,unknown,1000,2000,2000,1.0,false,false
GCF_011106775.1,Klebsiella pneumoniae,unknown,1000,2000,2000,1.0,false,false
GCF_011106775.1,Klebsiella pneumoniae,unknown,1000,2000,2000,1.0,false,false
GCF_011106775.1,Klebsiella pneumoniae,unknown,1000,2000,2000,1.0,false,false
GCF_011106775.1,Klebsiella pneumoniae,unknown,1000,2000,2000,1.0,false,false
GCF_011106775.1,Klebsiella pneumoniae,unknown,1000,2000,2000,1.0,false,false
GCF_011106775.1,Klebsiella pneumoniae,unknown,1000,2000,2000,1.0,false,false
GCF_011106775.1,Klebsiella pneumoniae,unknown,1000,2000,2000,1.0,false,false
GCF_011106775.1,Klebsiella pneumoniae,unknown,1000,2000,2000,1.0,false,false
GCF_011106775.1,Klebsiella pneumoniae,unknown,1000,2000,2000,1.0,false,false
GCF_011106775.1,Klebsiella pneumoniae,unknown,1000,2000,2000,1.0,false,false
GCF_011106775.1,Klebsiella pneumoniae,unknown,1000,2000,2000,1.0,false,false
GCF_011106775.1,Klebsiella pneumoniae,unknown,1000,2000,2000,1.0,false,false
GCF_011106775.1,Klebsiella pneumoniae,unknown,1000,2000,2000,1.0,false,false
GCF_011106775.1,Klebsiella pneumoniae,unknown,1000,2000,2000,1.0,false,false
GCF_011106775.1,Klebsiella pneumoniae,unknown,1000,2000,2000,1.0,false,false
GCF_011106775.1,Klebsiella pneumoniae,unknown,1000,2000,2000,1.0,false,false
GCF_011106775.1,Klebsiella pneumoniae,unknown,1000,2000,2000,1.0,false,false
GCF_011106775.1,Klebsiella pneumoniae,unknown,1000,2000,2000,1.0,false,false
GCF_011106775.1,Klebsiella pneumoniae,unknown,1000,2000,2000,1.0,false,false
GCF_011106775.1,Klebsiella pneumoniae,unknown,1000,2000,2000,1.0,false,false
GCF_011106775.1,Klebsiella pneumoniae,unknown,1000,2000,2000,1.0,false,false
GCF_011106775.1,Klebsiella pneumoniae,unknown,1000,2000,2000,1.0,false,false
GCF_011106775.1,Klebsiella pneumoniae,unknown,1000,2000,2000,1.0,false,false
GCF_011106775.1,Klebsiella pneumoniae,unknown,1000,2000,2000,1.0,false,false
GCF_011106775.1,Klebsiella pneumoniae,unknown,1000,2000,2000,1.0,false,false
GCF_011106775.1,Klebsiella pneumoniae,unknown,1000,2000,2000,1.0,false,false
GCF_011106775.1,Klebsiella pneumoniae,unknown,1000,2000,2000,1.0,false,false
GCF_011106775.1,Klebsiella pneumoniae,unknown,1000,2000,2000,1.0,false,false
GCF_011106775.1,Klebsiella pneumoniae,unknown,1000,2000,2000,1.0,false,false
GCF_011106775.1,Klebsiella pneumoniae,unknown,1000,2000,2000,1.0,false,false
GCF_011106775.1,Klebsiella pneumoniae,unknown,1000,2000,2000,1.0,false,false
GCF_011106775.1,Klebsiella pneumoniae,unknown,1000,2000,2000,1.0,false,false
GCF_011106775.1,Klebsiella pneumoniae,unknown,1000,2000,2000,1.0,false,false
GCF_011106775.1,Klebsiella pneumoniae,unknown,1000,2000,2000,1.0,false,false
GCF_011106775.1,Klebsiella pneumoniae,unknown,1000,2000,2000,1.0,false,false
GCF_011106775.1,Klebsiella pneumoniae,unknown,1000,2000,2000,1.0,false,false
GCF_011106775.1,Klebsiella pneumoniae,unknown,1000,2000,2000,1.0,false,false
GCF_011106775.1,Klebsiella pneumoniae,unknown,1000,2000,2000,1.0,false,false
GCF_011106775.1,Klebsiella pneumoniae,unknown,1000,2000,2000,1.0,false,false
GCF_011106775.1,Klebsiella pneumoniae,unknown,1000,2000,2000,1.0,false,false
GCF_011106775.1,Klebsiella pneumoniae,unknown,1000,2000,2000,1.0,false,false
GCF_011106775.1,Klebsiella pneumoniae,unknown,1000,2000,2000,1.0,false,false
GCF_011106775.1,Klebsiella pneumoniae,unknown,1000,2000,2000,1.0,false,false
GCF_011106775.1,Klebsiella pneumoniae,unknown,1000,2000,2000,1.0,false,false
GCF_011106775.1,Klebsiella pneumoniae,unknown,1000,2000,2000,1.0,false,false
GCF_011106775.1,Klebsiella pneumoniae,unknown,1000,2000,2000,1.0,false,false
GCF_011106775.1,Klebsiella pneumoniae,unknown,1000,2000,2000,1.0,false,false
GCF_011106775.1,Klebsiella pneumoniae,unknown,1000,2000,2000,1.0,false,false
GCF_011106775.1,Klebsiella pneumoniae,unknown,1000,2000,2000,1.0,false,false
GCF_011106775.1,Klebsiella pneumoniae,unknown,1000,2000,2000,1.0,false,false
GCF_011106775.1,Klebsiella pneumoniae,unknown,1000,2000,2000,1.0,false,false
GCF_011106775.1,Klebsiella pneumoniae,unknown,1000,2000,2000,1.0,false,false
GCF_011106775.1,Klebsiella pneumoniae,unknown,1000,2000,2000,1.0,false,false
GCF_011106775.1,Klebsiella pneumoniae,unknown,1000,2000,2000,1.0,false,false
GCF_011106775.1,Klebsiella pneumoniae,unknown,1000,2000,2000,1.0,false,false
GCF_011106775.1,Klebsiella pneumoniae,unknown,1000,2000,2000,1.0,false,false
GCF_011106775.1,Klebsiella pneumoniae,unknown,1000,2000,2000,1.0,false,false
GCF_011106775.1,Klebsiella pneumoniae,unknown,1000,2000,2000,1.0,false,false
GCF_011106775.1,Klebsiella pneumoniae,unknown,1000,2000,2000,1.0,false,false
GCF_011106775.1,Klebsiella pneumoniae,unknown,1000,2000,2000,1.0,false,false
GCF_011106775.1,Klebsiella pneumoniae,unknown,1000,2000,2000,1.0,false,false
GCF_011106775.1,Klebsiella pneumoniae,unknown,1000,2000,2000,1.0,false,false
GCF_011106775.1,Klebsiella pneumoniae,unknown,1000,2000,2000,1.0,false,false
GCF_011106775.1,Klebsiella pneumoniae,unknown,1000,2000,2000,1.0,false,false
GCF_011106775.1,Klebsiella pneumoniae,unknown,1000,2000,2000,1.0,false,false
GCF_011106775.1,Klebsiella pneumoniae,unknown,1000,2000,2000,1.0,false,false
GCF_011106775.1,Klebsiella pneumoniae,unknown,1000,2000,2000,1.0,false,false
GCF_011106775.1,Klebsiella pneumoniae,unknown,1000,2000,2000,1.0,false,false
GCF_011106775.1,Klebsiella pneumoniae,unknown,1000,2000,2000,1.0,false,false
GCF_011106775.1,Klebsiella pneumoniae,unknown,1000,2000,2000,1.0,false,false
GCF_011106775.1,Klebsiella pneumoniae,unknown,1000,2000,2000,1.0,false,false
GCF_011106775.1,Klebsiella pneumoniae,unknown,1000,2000,2000,1.0,false,false
GCF_011106775.1,Klebsiella pneumoniae,unknown,1000,2000,2000,1.0,false,false
GCF_011106775.1,Klebsiella pneumoniae,unknown,1000,2000,2000,1.0,false,false
GCF_011106775.1,Klebsiella pneumoniae,unknown,1000,2000,2000,1.0,false,false
GCF_011106775.1,Klebsiella pneumoniae,unknown,1000,2000,2000,1.0,false,false
GCF_011106775.1,Klebsiella pneumoniae,unknown,1000,2000,2000,1.0,false,false
GCF_011106775.1,Klebsiella pneumoniae,unknown,1000,2000,2000,1.0,false,false
GCF_011106775.1,Klebsiella pneumoniae,unknown,1000,2000,2000,1.0,false,false
GCF_011106775.1,Klebsiella pneumoniae,unknown,1000,2000,2000,1.0,false,false
GCF_011106775.1,Klebsiella pneumoniae,unknown,1000,2000,2000,1.0,false,false
GCF_011106775.1,Klebsiella pneumoniae,unknown,1000,2000,2000,1.0,false,false
GCF_011106775.1,Klebsiella pneumoniae,unknown,1000,2000,2000,1.0,false,false
GCF_011106775.1,Klebsiella pneumoniae,unknown,1000,2000,2000,1.0,false,false
GCF_011106775.1,Klebsiella pneumoniae,unknown,1000,2000,2000,1.0,false,false
GCF_011106775.1,Klebsiella pneumoniae,unknown,1000,2000,2000,1.0,false,false
GCF_011106775.1,Klebsiella pneumoniae,unknown,1000,2000,2000,1.0,false,false
GCF_011106775.1,Klebsiella pneumoniae,unknown,1000,2000,2000,1.0,false,false
GCF_011106775.1,Klebsiella pneumoniae,unknown,1000,2000,2000,1.0,false,false
GCF_011106775.1,Klebsiella pneumoniae,unknown,1000,2000,2000,1.0,false,false
GCF_011106775.1,Klebsiella pneumoniae,unknown,1000,2000,2000,1.0,false,false
GCF_011106775.1,Klebsiella pneumoniae,unknown,1000,2000,2000,1.0,false,false
GCF_011106775.1,Klebsiella pneumoniae,unknown,1000,2000,2000,1.0,false,false
GCF_011106775.1,Klebsiella pneumoniae,unknown,1000,2000,2000,1.0,false,false
GCF_011106775.1,Klebsiella pneumoniae,unknown,1000,2000,2000,1.0,false,false
GCF_011106775.1,Klebsiella pneumoniae,unknown,1000,2000,2000,1.0,false,false
GCF_011106775.1,Klebsiella pneumoniae,unknown,1000,2000,2000,1.0,false,false
GCF_011106775.1,Klebsiella pneumoniae,unknown,1000,2000,2000,1.0,false,false
GCF_011106775.1,Klebsiella pneumoniae,unknown,1000,2000,2000,1.0,false,false
GCF_011106775.1,Klebsiella pneumoniae,unknown,1000,2000,2000,1.0,false,false
GCF_011106775.1,Klebsiella pneumoniae,unknown,1000,2000,2000,1.0,false,false
GCF_011106775.1,Klebsiella pneumoniae,unknown,1000,2000,2000,1.0,false,false
GCF_011106775.1,Klebsiella pneumoniae,unknown,1000,2000,2000,1.0,false,false
GCF_011106775.1,Klebsiella pneumoniae,unknown,1000,2000,2000,1.0,false,false
GCF_011106775.1,Klebsiella pneumoniae,unknown,1000,2000,2000,1.0,false,false
GCF_011106775.1,Klebsiella pneumoniae,unknown,1000,2000,2000,1.0,false,false
GCF_011106775.1,Klebsiella pneumoniae,unknown,1000,2000,2000,1.0,false,false
GCF_011106775.1,Klebsiella pneumoniae,unknown,1000,2000,2000,1.0,false,false
GCF_011106775.1,Klebsiella pneumoniae,unknown,1000,2000,2000,1.0,false,false
GCF_011106775.1,Klebsiella pneumoniae,unknown,1000,2000,2000,1.0,false,false
GCF_011106775.1,Klebsiella pneumoniae,unknown,1000,2000,2000,1.0,false,false
GCF_011106775.1,Klebsiella pneumoniae,unknown,1000,2000,2000,1.0,false,false
GCF_011106775.1,Klebsiella pneumoniae,unknown,1000,2000,2000,1.0,false,false
GCF_011106775.1,Klebsiella pneumoniae,unknown,1000,2000,2000,1.0,false,false
GCF_011106775.1,Klebsiella pneumoniae,unknown,1000,2000,2000,1.0,false,false
GCF_011106775.1,Klebsiella pneumoniae,unknown,1000,2000,2000,1.0,false,false
GCF_011106775.1,Klebsiella pneumoniae,unknown,1000,2000,2000,1.0,false,false
GCF_011106775.1,Klebsiella pneumoniae,unknown,1000,2000,2000,1.0,false,false
GCF_011106775.1,Klebsiella pneumoniae,unknown,1000,2000,2000,1.0,false,false
GCF_011106775.1,Klebsiella pneumoniae,unknown,1000,2000,2000,1.0,false,false
GCF_011106775.1,Klebsiella pneumoniae,unknown,1000,2000,2000,1.0,false,false
GCF_011106775.1,Klebsiella pneumoniae,unknown,1000,2000,2000,1.0,false,false
GCF_011106775.1,Klebsiella pneumoniae,unknown,1000,2000,2000,1.0,false,false
GCF_011106775.1,Klebsiella pneumoniae,unknown,1000,2000,2000,1.0,false,false
GCF_011106775.1,Klebsiella pneumoniae,unknown,1000,2000,2000,1.0,false,false
GCF_011106775.1,Klebsiella pneumoniae,unknown,1000,2000,2000,1.0,false,false
GCF_011106775.1,Klebsiella pneumoniae,unknown,1000,2000,2000,1.0,false,false
GCF_011106775.1,Klebsiella pneumoniae,unknown,1000,2000,2000,1.0,false,false
GCF_011106775.1,Klebsiella pneumoniae,unknown,1000,2000,2000,1.0,false,false
GCF_011106775.1,Klebsiella pneumoniae,unknown,1000,2000,2000,1.0,false,false
GCF_011106775.1,Klebsiella pneumoniae,unknown,1000,2000,2000,1.0,false,false
GCF_011106775.1,Klebsiella pneumoniae,unknown,1000,2000,2000,1.0,false,false
GCF_011106775.1,Klebsiella pneumoniae,unknown,1000,2000,2000,1.0,false,false
GCF_011106775.1,Klebsiella pneumoniae,unknown,1000,2000,2000,1.0,false,false
GCF_011106775.1,Klebsiella pneumoniae,unknown,1000,2000,2000,1.0,false,false
GCF_011106775.1,Klebsiella pneumoniae,unknown,1000,2000,2000,1.0,false,false
GCF_011106775.1,Klebsiella pneumoniae,unknown,1000,2000,2000,1.0,false,false
GCF_011106775.1,Klebsiella pneumoniae,unknown,1000,2000,2000,1.0,false,false
GCF_011106775.1,Klebsiella pneumoniae,unknown,1000,2000,2000,1.0,false,false
GCF_011106775.1,Klebsiella pneumoniae,unknown,1000,2000,2000,1.0,false,false
GCF_011106775.1,Klebsiella pneumoniae,unknown,1000,2000,2000,1.0,false,false
GCF_011106775.1,Klebsiella pneumoniae,unknown,1000,2000,2000,1.0,false,false
GCF_011106775.1,Klebsiella pneumoniae,unknown,1000,2000,2000,1.0,false,false
GCF_011106775.1,Klebsiella pneumoniae,unknown,1000,2000,2000,1.0,false,false
GCF_011106775.1,Klebsiella pneumoniae,unknown,1000,2000,2000,1.0,false,false
GCF_011106775.1,Klebsiella pneumoniae,unknown,1000,2000,2000,1.0,false,false
GCF_011106775.1,Klebsiella pneumoniae,unknown,1000,2000,2000,1.0,false,false
GCF_011106775.1,Klebsiella pneumoniae,unknown,1000,2000,2000,1.0,false,false
GCF_011106775.1,Klebsiella pneumoniae,unknown,1000,2000,2000,1.0,false,false
GCF_011106775.1,Klebsiella pneumoniae,unknown,1000,2000,2000,1.0,false,false
GCF_011106775.1,Klebsiella pneumoniae,unknown,1000,2000,2000,1.0,false,false
GCF_011106775.1,Klebsiella pneumoniae,unknown,1000,2000,2000,1.0,false,false
GCF_011106775.1,Klebsiella pneumoniae,unknown,1000,2000,2000,1.0,false,false
GCF_011106775.1,Klebsiella pneumoniae,unknown,1000,2000,2000,1.0,false,false
GCF_011106775.1,Klebsiella pneumoniae,unknown,1000,2000,2000,1.0,false,false
GCF_011106775.1,Klebsiella pneumoniae,unknown,1000,2000,2000,1.0,false,false
GCF_011106775.1,Klebsiella pneumoniae,unknown,1000,2000,2000,1.0,false,false
GCF_011106775.1,Klebsiella pneumoniae,unknown,1000,2000,2000,1.0,false,false
GCF_011106775.1,Klebsiella pneumoniae,unknown,1000,2000,2000,1.0,false,false
GCF_011106775.1,Klebsiella pneumoniae,unknown,1000,2000,2000,1.0,false,false
GCF_011106775.1,Klebsiella pneumoniae,unknown,1000,2000,2000,1.0,false,false
GCF_011106775.1,Klebsiella pneumoniae,unknown,1000,2000,2000,1.0,false,false
GCF_011106775.1,Klebsiella pneumoniae,unknown,1000,2000,2000,1.0,false,false
GCF_011106775.1,Klebsiella pneumoniae,unknown,1000,2000,2000,1.0,false,false
GCF_011106775.1,Klebsiella pneumoniae,unknown,1000,2000,2000,1.0,false,false
GCF_011106775.1,Klebsiella pneumoniae,unknown,1000,2000,2000,1.0,false,false
GCF_011106775.1,Klebsiella pneumoniae,unknown,1000,2000,2000,1.0,false,false
GCF_011106775.1,Klebsiella pneumoniae,unknown,1000,2000,2000,1.0,false,false
GCF_011106775.1,Klebsiella pneumoniae,unknown,1000,2000,2000,1.0,false,false
GCF_011106775.1,Klebsiella pneumoniae,unknown,1000,2000,2000,1.0,false,false
GCF_011106775.1,Klebsiella pneumoniae,unknown,1000,2000,2000,1.0,false,false
GCF_011106775.1,Klebsiella pneumoniae,unknown,1000,2000,2000,1.0,false,false
GCF_011106775.1,Klebsiella pneumoniae,unknown,1000,2000,2000,1.0,false,false
GCF_011106775.1,Klebsiella pneumoniae,unknown,1000,2000,2000,1.0,false,false
GCF_011106775.1,Klebsiella pneumoniae,unknown,1000,2000,2000,1.0,false,false
GCF_011106775.1,Klebsiella pneumoniae,unknown,1000,2000,2000,1.0,false,false
GCF_011106775.1,Klebsiella pneumoniae,unknown,1000,2000,2000,1.0,false,false
GCF_011106775.1,Klebsiella pneumoniae,unknown,1000,2000,2000,1.0,false,false
GCF_011106775.1,Klebsiella pneumoniae,unknown,1000,2000,2000,1.0,false,false
GCF_011106775.1,Klebsiella pneumoniae,unknown,1000,2000,2000,1.0,false,false
GCF_011106775.1,Klebsiella pneumoniae,unknown,1000,2000,2000,1.0,false,false
GCF_011106775.1,Klebsiella pneumoniae,unknown,1000,2000,2000,1.0,false,false
GCF_011106775.1,Klebsiella pneumoniae,unknown,1000,2000,2000,1.0,false,false
GCF_011106775.1,Klebsiella pneumoniae,unknown,1000,2000,2000,1.0,false,false
GCF_011106775.1,Klebsiella pneumoniae,unknown,1000,2000,2000,1.0,false,false
GCF_011106775.1,Klebsiella pneumoniae,unknown,1000,2000,2000,1.0,false,false
GCF_011106775.1,Klebsiella pneumoniae,unknown,1000,2000,2000,1.0,false,false
GCF_011106775.1,Klebsiella pneumoniae,unknown,1000,2000,2000,1.0,false,false
GCF_011106775.1,Klebsiella pneumoniae,unknown,1000,2000,2000,1.0,false,false
GCF_011106775.1,Klebsiella pneumoniae,unknown,1000,2000,2000,1.0,false,false
